tt0534874;;8
tt0534875;;8
tt0534877;;6
tt0534914;;9
tt0535189;;8
tt0535193;;8
tt0535262;;6
tt0535270;;6
tt0535271;;6
tt0535397;;5
tt0535407;;9
tt0535594;;9
tt0535698;;9
tt0535868;;11
tt0535945;;18
tt0535967;;6
tt0536263;;9
tt0536270;;9
tt0536348;;6
tt0536357;;9
tt0536367;;18
tt0536412;;1
tt0537043;;2
tt0537056;;9
tt0537216;;9
tt0537275;;9
tt0537341;;8
tt0537455;;9
tt0537456;;11
tt0537458;;9
tt0537459;;9
tt0537467;;11
tt0537467;;9
tt0537483;;8
tt0537485;;8
tt0537486;;9
tt0537487;;9
tt0537492;;9
tt0537533;;9
tt0537621;;9
tt0537823;;18
tt0537941;;18
tt0537945;;6
tt0537945;;7
tt0538357;;5
tt0538375;;9
tt0538380;;25
tt0538621;;9
tt0538622;;9
tt0538759;;2
tt0538928;;9
tt0539011;;7
tt0539017;;8
tt0539201;;9
tt0539209;;9
tt0539210;;9
tt0539520;;9
tt0539559;;27
tt0539565;;27
tt0539566;;27
tt0539706;;6
tt0539809;;6
tt0539964;;27
tt0540197;;9
tt0540198;;9
tt0540199;;9
tt0540519;;18
tt0540875;;21
tt0541272;;18
tt0541273;;9
tt0541273;;25
tt0541279;;5
tt0541285;;18
tt0541458;;9
tt0541771;;9
tt0541881;;13
tt0542218;;9
tt0543510;;9
tt0544047;;25
tt0544378;;9
tt0544399;;7
tt0544697;;9
tt0544983;;18
tt0545013;;9
tt0545257;;6
tt0545293;;6
tt0545608;;5
tt0545645;;9
tt0545790;;9
tt0545822;;11
tt0545868;;9
tt0546073;;9
tt0546076;;18
tt0546386;;6
